{
  "generationParameters": {
    "generationDate": "Wed Oct 29 2025 14:33:15 GMT+0900 (한국 표준시)",
    "generatorPlatform": "Visual Studio Code",
    "serviceType": "None",
    "metadataFilename": "",
    "serviceUrl": "N/A",
    "appName": "assignmetn_json1",
    "appTitle": "assignment_JSON1",
    "appDescription": "json 과제",
    "appNamespace": "assignment_json1",
    "ui5Theme": "sap_horizon",
    "ui5Version": "1.141.3",
    "enableCodeAssist": false,
    "enableEslint": false,
    "enableTypeScript": false,
    "showMockDataInfo": false,
    "generatorVersion": "1.19.1",
    "template": "Basic",
    "generatorName": "SAP Fiori Application Generator",
    "entityRelatedConfig": [],
    "launchText": "To launch the generated application, run the following from the generated application root folder:\n\n```\n    npm start\n```"
  }
}
