{
  "generationParameters": {
    "generationDate": "Wed Nov 05 2025 09:26:21 GMT+0900 (한국 표준시)",
    "generatorPlatform": "Visual Studio Code",
    "serviceType": "None",
    "metadataFilename": "",
    "serviceUrl": "N/A",
    "appName": "code1_cl5_resource_01",
    "appTitle": "Resource Bundle 실습",
    "appDescription": "Resource Bundle 실습",
    "appNamespace": "code1.cl5.resource01",
    "ui5Theme": "sap_horizon",
    "ui5Version": "1.120.39",
    "enableCodeAssist": false,
    "enableEslint": false,
    "enableTypeScript": false,
    "showMockDataInfo": false,
    "generatorVersion": "1.19.1",
    "template": "Basic",
    "generatorName": "SAP Fiori Application Generator",
    "entityRelatedConfig": [],
    "launchText": "To launch the generated application, run the following from the generated application root folder:\n\n```\n    npm start\n```"
  }
}
