{
  "generationParameters": {
    "generationDate": "Mon Oct 27 2025 10:27:58 GMT+0900 (한국 표준시)",
    "generatorPlatform": "Visual Studio Code",
    "serviceType": "None",
    "metadataFilename": "",
    "serviceUrl": "N/A",
    "appName": "code1_cl5_edu_03",
    "appTitle": "조건문, 반복문",
    "appDescription": "조건문, 반복문",
    "appNamespace": "code1.cl5.edu03",
    "ui5Theme": "sap_horizon",
    "ui5Version": "1.120.0",
    "enableCodeAssist": false,
    "enableEslint": false,
    "enableTypeScript": false,
    "showMockDataInfo": false,
    "generatorVersion": "1.19.1",
    "template": "Basic",
    "generatorName": "SAP Fiori Application Generator",
    "entityRelatedConfig": [],
    "launchText": "To launch the generated application, run the following from the generated application root folder:\n\n```\n    npm start\n```"
  }
}
