{
  "generationParameters": {
    "generationDate": "Mon Nov 03 2025 18:48:24 GMT+0900 (한국 표준시)",
    "generatorPlatform": "Visual Studio Code",
    "serviceType": "None",
    "metadataFilename": "",
    "serviceUrl": "N/A",
    "appName": "basic1103",
    "appTitle": "Basic1103",
    "appDescription": "basic session",
    "appNamespace": "code1.cl5.edu.basic",
    "ui5Theme": "sap_horizon",
    "ui5Version": "1.120.39",
    "enableCodeAssist": false,
    "enableEslint": false,
    "enableTypeScript": false,
    "showMockDataInfo": false,
    "generatorVersion": "1.19.1",
    "template": "Basic",
    "generatorName": "SAP Fiori Application Generator",
    "entityRelatedConfig": [],
    "launchText": "To launch the generated application, run the following from the generated application root folder:\n\n```\n    npm start\n```"
  }
}
