<?xml version="1.0" encoding="utf-8"?>
<edmx:Edmx Version="1.0" xmlns:edmx="http://schemas.microsoft.com/ado/2007/06/edmx" xmlns:m="http://schemas.microsoft.com/ado/2007/08/dataservices/metadata" xmlns:sap="http://www.sap.com/Protocols/SAPData">
    <edmx:DataServices m:DataServiceVersion="2.0">
        <Schema Namespace="ZC531GW_UXTEST01_SRV" xml:lang="en" sap:schema-version="1" xmlns="http://schemas.microsoft.com/ado/2008/09/edm">
            <EntityType Name="Airline" sap:content-version="1">
                <Key>
                    <PropertyRef Name="Carrid"/>
                </Key>
                <Property Name="Carrid" Type="Edm.String" Nullable="false" MaxLength="3" sap:unicode="false" sap:label="Airline" sap:updatable="false"/>
                <Property Name="Carrname" Type="Edm.String" MaxLength="20" sap:unicode="false" sap:label="Airline"/>
                <Property Name="Currcode" Type="Edm.String" MaxLength="5" sap:unicode="false" sap:label="Airline Currency" sap:semantics="currency-code"/>
                <Property Name="Url" Type="Edm.String" MaxLength="255" sap:unicode="false" sap:label="Url"/>
            </EntityType>
            <EntityType Name="Schedule" sap:content-version="1">
                <Key>
                    <PropertyRef Name="Carrid"/>
                    <PropertyRef Name="Connid"/>
                </Key>
                <Property Name="Carrid" Type="Edm.String" Nullable="false" MaxLength="3" sap:unicode="false" sap:label="Airline" sap:updatable="false"/>
                <Property Name="Connid" Type="Edm.String" Nullable="false" MaxLength="4" sap:unicode="false" sap:label="Flight Number" sap:updatable="false"/>
                <Property Name="Countryfr" Type="Edm.String" MaxLength="3" sap:unicode="false" sap:label="Country/Reg."/>
                <Property Name="Cityfrom" Type="Edm.String" MaxLength="20" sap:unicode="false" sap:label="Depart.city"/>
                <Property Name="Airpfrom" Type="Edm.String" MaxLength="3" sap:unicode="false" sap:label="Dep. airport"/>
                <Property Name="Countryto" Type="Edm.String" MaxLength="3" sap:unicode="false" sap:label="Country/Reg."/>
                <Property Name="Cityto" Type="Edm.String" MaxLength="20" sap:unicode="false" sap:label="Arrival city"/>
                <Property Name="Airpto" Type="Edm.String" MaxLength="3" sap:unicode="false" sap:label="Dest. airport"/>
                <Property Name="Deptime" Type="Edm.String" MaxLength="8" sap:unicode="false" sap:label="Departure"/>
                <Property Name="Arrtime" Type="Edm.String" MaxLength="8" sap:unicode="false" sap:label="Arrival Time"/>
                <Property Name="Distance" Type="Edm.Decimal" Precision="9" Scale="4" sap:unicode="false" sap:unit="Distid" sap:label="Distance"/>
                <Property Name="Distid" Type="Edm.String" MaxLength="3" sap:unicode="false" sap:label="Distance in" sap:semantics="unit-of-measure"/>
                <Property Name="Fltype" Type="Edm.String" MaxLength="1" sap:unicode="false" sap:label="Charter"/>
                <Property Name="Period" Type="Edm.Byte" sap:unicode="false" sap:label="n day(s) later"/>
            </EntityType>
            <EntityType Name="Price" sap:content-version="1">
                <Key>
                    <PropertyRef Name="Carrid"/>
                    <PropertyRef Name="Connid"/>
                </Key>
                <Property Name="Carrid" Type="Edm.String" Nullable="false" MaxLength="3" sap:unicode="false" sap:label="Airline Carrier" sap:updatable="false"/>
                <Property Name="Connid" Type="Edm.String" Nullable="false" MaxLength="4" sap:unicode="false" sap:label="Flight Number" sap:updatable="false"/>
                <Property Name="Payment" Type="Edm.Decimal" Precision="15" Scale="2" sap:unicode="false" sap:unit="Currency" sap:label="Airfare"/>
                <Property Name="Currency" Type="Edm.String" MaxLength="5" sap:unicode="false" sap:label="Paymnt currency" sap:semantics="currency-code"/>
            </EntityType>
            <EntityContainer Name="ZC531GW_UXTEST01_SRV_Entities" m:IsDefaultEntityContainer="true" sap:supported-formats="atom json xlsx">
                <EntitySet Name="AirlineSet" EntityType="ZC531GW_UXTEST01_SRV.Airline" sap:creatable="false" sap:updatable="false" sap:deletable="false" sap:pageable="false" sap:content-version="1"/>
                <EntitySet Name="ScheduleSet" EntityType="ZC531GW_UXTEST01_SRV.Schedule" sap:creatable="false" sap:updatable="false" sap:deletable="false" sap:pageable="false" sap:content-version="1"/>
                <EntitySet Name="PriceSet" EntityType="ZC531GW_UXTEST01_SRV.Price" sap:creatable="false" sap:updatable="false" sap:deletable="false" sap:pageable="false" sap:addressable="false" sap:content-version="1"/>
            </EntityContainer>
            <Annotation Term="Core.SchemaVersion" String="1.0.0" xmlns="http://docs.oasis-open.org/odata/ns/edm"/>
            <atom:link rel="self" href="http://bgissap3.bgissap.co.kr:8000/sap/opu/odata/sap/ZC531GW_UXTEST01_SRV/$metadata" xmlns:atom="http://www.w3.org/2005/Atom"/>
            <atom:link rel="latest-version" href="http://bgissap3.bgissap.co.kr:8000/sap/opu/odata/sap/ZC531GW_UXTEST01_SRV/$metadata" xmlns:atom="http://www.w3.org/2005/Atom"/>
        </Schema>
    </edmx:DataServices>
</edmx:Edmx>