{
  "generationParameters": {
    "generationDate": "Fri Oct 24 2025 14:10:56 GMT+0900 (한국 표준시)",
    "generatorPlatform": "Visual Studio Code",
    "serviceType": "None",
    "metadataFilename": "",
    "serviceUrl": "N/A",
    "appName": "code1_cl5_edu_02",
    "appTitle": "App Title",
    "appDescription": "An SAP Fiori application.",
    "appNamespace": "code1_cl5_edu_02",
    "ui5Theme": "sap_horizon",
    "ui5Version": "1.120.0",
    "enableCodeAssist": false,
    "enableEslint": false,
    "enableTypeScript": false,
    "showMockDataInfo": false,
    "generatorVersion": "1.19.1",
    "template": "Basic",
    "generatorName": "SAP Fiori Application Generator",
    "entityRelatedConfig": [],
    "launchText": "To launch the generated application, run the following from the generated application root folder:\n\n```\n    npm start\n```"
  }
}
