{
  "generationParameters": {
    "generationDate": "Wed Oct 29 2025 13:13:55 GMT+0900 (한국 표준시)",
    "generatorPlatform": "Visual Studio Code",
    "serviceType": "None",
    "metadataFilename": "",
    "serviceUrl": "N/A",
    "appName": "code1_cl5_edu_07",
    "appTitle": "JSON from File",
    "appDescription": "JSON File로부터 읽기",
    "appNamespace": "code1.cl5.edu07",
    "ui5Theme": "sap_horizon",
    "ui5Version": "1.141.3",
    "enableCodeAssist": false,
    "enableEslint": false,
    "enableTypeScript": false,
    "showMockDataInfo": false,
    "generatorVersion": "1.19.1",
    "template": "Basic",
    "generatorName": "SAP Fiori Application Generator",
    "entityRelatedConfig": [],
    "launchText": "To launch the generated application, run the following from the generated application root folder:\n\n```\n    npm start\n```"
  }
}
