{
  "generationParameters": {
    "generationDate": "Wed Nov 05 2025 14:07:36 GMT+0900 (한국 표준시)",
    "generatorPlatform": "Visual Studio Code",
    "serviceType": "None",
    "metadataFilename": "",
    "serviceUrl": "N/A",
    "appName": "code1_cl5_route_01",
    "appTitle": "라우팅 실습",
    "appDescription": "라우팅 실습",
    "appNamespace": "coed1.cl5.route01",
    "ui5Theme": "sap_horizon",
    "ui5Version": "1.120.39",
    "enableCodeAssist": false,
    "enableEslint": false,
    "enableTypeScript": false,
    "showMockDataInfo": false,
    "generatorVersion": "1.19.1",
    "template": "Basic",
    "generatorName": "SAP Fiori Application Generator",
    "entityRelatedConfig": [],
    "launchText": "To launch the generated application, run the following from the generated application root folder:\n\n```\n    npm start\n```"
  }
}
