{
  "generationParameters": {
    "generationDate": "Wed Nov 12 2025 10:08:45 GMT+0900 (한국 표준시)",
    "generatorPlatform": "Visual Studio Code",
    "serviceType": "SAP System (ABAP On-Premise)",
    "metadataFilename": "",
    "serviceUrl": "http://bgissap3.bgissap.co.kr:8000/sap/opu/odata/sap/ZC531GW_UXTEST01_SRV",
    "appName": "code1_cl5_param_route_01",
    "appTitle": "Parameter Routing 실습",
    "appDescription": "Parameter Routing 실습",
    "appNamespace": "code1.cl5.param.route01",
    "ui5Theme": "sap_horizon",
    "ui5Version": "1.120.38",
    "enableCodeAssist": false,
    "enableEslint": false,
    "enableTypeScript": false,
    "showMockDataInfo": true,
    "generatorVersion": "1.19.1",
    "template": "Basic V2",
    "generatorName": "SAP Fiori Application Generator",
    "entityRelatedConfig": [],
    "launchText": "To launch the generated application, run the following from the generated application root folder:\n\n```\n    npm start\n```"
  }
}
